name,link,address,phone,firm_reference_number,status,email
Defined Returns Limited,https://register.fca.org.uk/ShPo_FirmDetailsPage?id=001b000000MfVWxAAN,Ziggurat           25 Grosvenor Road                                 St. Albans           AL1 3AW           UNITED KINGDOM,44 01727797811,402135,Authorised,paulbispham@definedreturns.com
Nitzan Winter-Friesen,https://register.fca.org.uk/ShPo_FirmDetailsPage?id=001b00000413W3DAAU,125 Riverside Road                                            St. Albans           AL1 1RZ           UNITED KINGDOM,+44 02077441600,791890,Appointed representative,
Buckley Wealth Limited,https://register.fca.org.uk/ShPo_FirmDetailsPage?id=001b000000R6r8tAAB,Fountain Court           2 Victoria Square           Victoria Street                      St Albans           AL1 3TF           UNITED KINGDOM,+44 07879384599,618213,Appointed representative,david@bw-ifa.co.uk
Pranaflow Limited,https://register.fca.org.uk/ShPo_FirmDetailsPage?id=001b000003UdNSBAA3,Fountain Court           2 Victoria Square           Victoria Street                      St. Albans           AL1 3TF           UNITED KINGDOM,44 7802503136,758751,Authorised,tim@flowifp.co.uk
KD Wright Financial Services Limited,https://register.fca.org.uk/ShPo_FirmDetailsPage?id=001b000000NMTYZAA5,Centurion House           136-142 London Road                                 St. Albans           AL1 1PQ           UNITED KINGDOM,+44 01727852299,509886,Authorised,mark@kdw.co.uk
IFPC Limited,https://register.fca.org.uk/ShPo_FirmDetailsPage?id=001b000000MfFpmAAF,Faulkner House           Victoria Street                                 St. Albans           AL1 3SN           UNITED KINGDOM,44 01727837128,144197,Authorised,rbradly@ifpc.co.uk
Tisco Financial Planning Ltd,https://register.fca.org.uk/ShPo_FirmDetailsPage?id=001b000000NMSyJAAX,Morton House           80A Victoria Street                                 St. Albans           AL1 3XH           UNITED KINGDOM,+44 01727734040,509803,Authorised,suzi@tisco.co.uk
Taylor Burke Partnership,https://register.fca.org.uk/ShPo_FirmDetailsPage?id=001b000000MfLxmAAF,Whelan House           30 Marlborough Road                                 St. Albans           AL1 3XQ           UNITED KINGDOM, 08456033288,215254,Appointed representative,
MAB Wealth Management Ltd,https://register.fca.org.uk/ShPo_FirmDetailsPage?id=001b000000NMhlMAAT,12-14 Upper Marlborough Road                                            St Albans           AL1 3UR           UNITED KINGDOM,44 0,610741,Appointed representative,
Lifetime Wealth Management Ltd,https://register.fca.org.uk/ShPo_FirmDetailsPage?id=001b000000MfUC9AAN,14 Upper Marlborough Road                                            St Albans           AL1 3UR           UNITED KINGDOM,44 01727848412,400358,Appointed representative,
J C Langley & C M G Platt,https://register.fca.org.uk/ShPo_FirmDetailsPage?id=001b000000NMWaGAAX,45-49 Victoria Street                                            St Albans           AL1 3WZ           UNITED KINGDOM,+44 01727869496,530738,Appointed representative,st_albans_agency@nfumutual.co.uk
Avidity Wealth Management Ltd,https://register.fca.org.uk/ShPo_FirmDetailsPage?id=001b000000NMcD0AAL,Suite one           Phoenix House           63 Campfield Road           St Albans                      AL1 5FL           UNITED KINGDOM, 01727898880,556041,Appointed representative,tim@aviditywealthmanagement.com
Client First - Wealth Management Limited,https://register.fca.org.uk/ShPo_FirmDetailsPage?id=001b000000NMZcMAAX,54-56 Victoria Street                                            St. Albans           AL1 3HZ           UNITED KINGDOM,+44 01727228628,600620,Authorised,info@cfwm.co.uk
Susan Hill FP Ltd,https://register.fca.org.uk/ShPo_FirmDetailsPage?id=001b000003WgcdUAAR,54-56 Victoria Street                                            St. Albans           AL1 3HZ           UNITED KINGDOM,+44 8081232332,760055,Appointed representative,
Northwood (St Albans) Ltd,https://register.fca.org.uk/ShPo_FirmDetailsPage?id=001b000000MfhU6AAJ,48 London Road                                            St. Albans           AL1 1NG           UNITED KINGDOM, 01727734550,461373,Appointed representative - introducer,stalbans@northwooduk.com
consolidatemypensions.com Ltd,https://register.fca.org.uk/ShPo_FirmDetailsPage?id=0010X0000482nAxQAI,Suite 1           Clockhouse Court           5-7 London Road                      St. Albans           AL1 1LA           UNITED KINGDOM,+44 01727834222,801905,Appointed representative,
CONSOLIDATEMYPENSIONS.COM LTD,https://register.fca.org.uk/ShPo_FirmDetailsPage?id=0010X00004AUbJgQAL,1 Clockhouse Court 5-7 London Road                                            St. Albans           AL1 1LA           UNITED KINGDOM,44 1727790152,809981,Authorised,stuart@feastnoble.com
Consolidated Financial Management Limited,https://register.fca.org.uk/ShPo_FirmDetailsPage?id=001b000000MfUNyAAN,Centurion Court           83 Camp Road                                 St. Albans           AL1 5JN           UNITED KINGDOM,44 01727858136,400603,Authorised,gary@consolidatedfinancialmanagement.com
Feast Noble & Company LLP,https://register.fca.org.uk/ShPo_FirmDetailsPage?id=001b000000Mg2rCAAR,Suite 1           Clockhouse Court           5-7 London Road                      St Albans           AL1 1LA           UNITED KINGDOM,+44 01727834222,490071,Authorised,stuart@feastnoble.com
Consilia Wealth Management LLP,https://register.fca.org.uk/ShPo_FirmDetailsPage?id=001b000000NMhQBAA1,Clockhouse Court           5-7 London Road                                 St Albans           AL1 1LA           UNITED KINGDOM,44 01727832166,577504,Authorised,michellem@consiliawm.com
Crowdstacker Limited,https://register.fca.org.uk/ShPo_FirmDetailsPage?id=001b000000dk7ImAAI,Floors 1 & 2           6 Victoria Street                                 St. Albans           AL1 3JB           UNITED KINGDOM,+44 02071187570,648742,Authorised,mark.bristow@crowdstacker.com
David William Fawcett,https://register.fca.org.uk/ShPo_FirmDetailsPage?id=001b000000MfMC0AAN,1A Canberra House           London Road                                 St. Albans           AL1 1LE           UNITED KINGDOM,44 02083270664,215518,Appointed representative,
Spreadex Limited,https://register.fca.org.uk/ShPo_FirmDetailsPage?id=001b000000MfHGSAA3,26-30 Upper Marlborough Road                                            St. Albans           AL1 3UU           UNITED KINGDOM,44 01727895000,190941,Authorised,info@spreadex.com
Trust Matters Financial Services Ltd,https://register.fca.org.uk/ShPo_FirmDetailsPage?id=001b000000Mfh4PAAR,5 Holywell Hill                                            St. Albans           AL1 1EU           UNITED KINGDOM,44 01727737610,425729,Authorised,graham@trustmatters.co.uk
Nhance Independent Limited,https://register.fca.org.uk/ShPo_FirmDetailsPage?id=001b000000NMZisAAH,Main Mill           New Barnes Mill           Cottonmill Lane                      St. Albans           AL1 2HA           UNITED KINGDOM,44 727799020,560821,Authorised,michelle@enhancewm.co.uk
NPA Insurance Limited,https://register.fca.org.uk/ShPo_FirmDetailsPage?id=001b000000MfJHIAA3,Mallinson House           40-42 St Peter's Street                                 St. Albans           AL1 3NP           UNITED KINGDOM,44 01727832161,202069,Authorised,g.richards@npa.co.uk
Synergy Financial Products Limited,https://register.fca.org.uk/ShPo_FirmDetailsPage?id=001b000000MfR09AAF,Building 1           Centrium           Griffiths Way                      St. Albans           AL1 2RD           UNITED KINGDOM,44 3301239938,312416,Authorised,markturner@sfpl.co.uk
Outsourced Professional Administration Limited,https://register.fca.org.uk/ShPo_FirmDetailsPage?id=001b000000MfgrDAAR,Building 1           Centrium           Griffiths Way                      St. Albans           AL1 2RD           UNITED KINGDOM,44 1727734300,459719,Authorised,markturner@opal-uk.com
Supreme Wealth Management,https://register.fca.org.uk/ShPo_FirmDetailsPage?id=001b000000MfFuHAAV,Dagnall House           2 Lower Dagnall Street                                 St. Albans           AL3 4PA           UNITED KINGDOM,44 1727229822,144732,Authorised,jo@supremewm.co.uk
Gordon Shepherd Associates Limited,https://register.fca.org.uk/ShPo_FirmDetailsPage?id=001b000000MfGivAAF,21 Abbey Mill Lane                                            St. Albans           AL3 4HA           UNITED KINGDOM,44 1747836471,176016,Authorised,gordon.dhs@icloud.com
HBB Financial Limited,https://register.fca.org.uk/ShPo_FirmDetailsPage?id=001b000000NMRzTAAX,The Old Church           48 Verulam Road                                 St. Albans           AL3 4DH           UNITED KINGDOM,44 1727862477,505961,Authorised,lawrence.watts@ntlworld.com
Paul Michael Pritchard,https://register.fca.org.uk/ShPo_FirmDetailsPage?id=001b000000MfLjiAAF,St. Albans Chambers           2 St. Peters Street                                 St. Albans           AL1 3LF           UNITED KINGDOM, 01727732395,215879,Appointed representative,
Individual Mortgage Solutions Limited,https://register.fca.org.uk/ShPo_FirmDetailsPage?id=001b000000MfUmAAAV,St Albans Chambers           2-4 St Peters Street                                 St Albans           AL1 3LF           UNITED KINGDOM,+44 01727238430,412758,Appointed representative,bill.harding@openwork.uk.com
Simon Jeremy Bailey,https://register.fca.org.uk/ShPo_FirmDetailsPage?id=001b000000NMZkyAAH,2-4 St. Peters Street                                            St. Albans           AL1 3LF           UNITED KINGDOM,44 01727732394,570820,Authorised,chequerfs@btconnect.com
Adam Turner,https://register.fca.org.uk/ShPo_FirmDetailsPage?id=0010X00004JAvQoQAL,26 Warwick Road                                            St. Albans           AL1 4DL           UNITED KINGDOM,+44 07886032279,827813,Appointed representative,
Marc Bennett,https://register.fca.org.uk/ShPo_FirmDetailsPage?id=001b000000MfpheAAB,20 Tithe Barn Close                                            St Albans           al1 2qd           UNITED KINGDOM, 020020,470074,Appointed representative,
Townsend Financial Services,https://register.fca.org.uk/ShPo_FirmDetailsPage?id=001b000000MfN4TAAV,3 Townsend Drive                                            St. Albans           AL3 5RB           UNITED KINGDOM,44 01727835119810297,216543,Appointed representative,
Aqua Wealth Management Limited,https://register.fca.org.uk/ShPo_FirmDetailsPage?id=001b000000NMeu7AAD,Heath House           156a Sandridge Road           St Albans                      Herts           AL1 4AP           UNITED KINGDOM,44 01727899244,578609,Authorised,info@aquawm.co.uk
Alban Wealth LLP,https://register.fca.org.uk/ShPo_FirmDetailsPage?id=001b000000WAOOBAA5,Box 791           St Albans           Wheathampstead                      St. Albans           AL4 8XG           UNITED KINGDOM,44 1727220321,624670,Authorised,paula@paulacohen.co.uk
Bright Financial Services LLP,https://register.fca.org.uk/ShPo_FirmDetailsPage?id=001b000003OZwXbAAL,8 Allandale                                            St. Albans           AL3 4NG           UNITED KINGDOM,44 7855426368,749576,Authorised,rob.dew@brightfs.org
Green Leaf Mortgages Limited,https://register.fca.org.uk/ShPo_FirmDetailsPage?id=001b000000MfYbrAAF,31 Newfield Way                                            St. Albans           AL4 0GB           UNITED KINGDOM, 01727852673,438392,Appointed representative,
Kings Financial Management Ltd,https://register.fca.org.uk/ShPo_FirmDetailsPage?id=001b000003Jk6nlAAB,10 Hazelwood Drive                                            St. Albans           AL4 0UW           UNITED KINGDOM,+44 07712837473,741507,Appointed representative,
Stem Financial Services,https://register.fca.org.uk/ShPo_FirmDetailsPage?id=001b000000MfgkpAAB,51 Elm Drive                                            St. Albans           AL4 0EH           UNITED KINGDOM,44 01442244686,457713,Authorised,steve@stemfs.co.uk
Financial Information Services,https://register.fca.org.uk/ShPo_FirmDetailsPage?id=001b000000MfH1RAAV,15 Deva Close                                            St. Albans           AL3 4JS           UNITED KINGDOM,44 01727810396,170391,Appointed representative,
Butlers in Denim Ltd,https://register.fca.org.uk/ShPo_FirmDetailsPage?id=001b000000kfyFcAAI,28 Old Orchard           Park Street                                 St. Albans           AL2 2QB           UNITED KINGDOM,+44 2081275779,672851,Appointed representative - introducer,hello@butlersindenim.co.uk
TrendWatch Asset Management Ltd,https://register.fca.org.uk/ShPo_FirmDetailsPage?id=001b000000MfWeCAAV,1 Flavian Close                                            St. Albans           AL3 4JX           UNITED KINGDOM,44 01727762629,414207,Authorised,editor@trendwatch.co.uk
CES Investments Ltd,https://register.fca.org.uk/ShPo_FirmDetailsPage?id=001b000000Mg22PAAR,80 Ragged Hall Lane                                            St. Albans           AL2 3LD           UNITED KINGDOM,+44 7533178381,526488,Appointed representative,stephen.westwood@cesininvest.co.uk
NK Financial Management Limited,https://register.fca.org.uk/ShPo_FirmDetailsPage?id=001b000000NMYX1AAP,Unit 12c           Stanta Business Centre 3 Soothouse Spring                                 St. Albans           AL3 6PF           UNITED KINGDOM,44 01727855607,552630,Authorised,nick@nkfm.co.uk
Lumin Insurance Solutions Limited,https://register.fca.org.uk/ShPo_FirmDetailsPage?id=0010X00004D9I5tQAF,Lumin Wealth Unit 5           Sandridge Park           Porters Wood                      St. Albans           AL3 6PH           UNITED KINGDOM,+44 1727893333,813751,Appointed representative,
Trinity Wealth Management Limited,https://register.fca.org.uk/ShPo_FirmDetailsPage?id=001b000000MfL0tAAF,Cedar Court           6c Parkway           Porters Wood                      St. Albans           AL3 6PA           UNITED KINGDOM,44 01727851123,206188,Appointed representative,graham.cleveland@twm.uk.com
